rto_code,district
AN201,
AN212,
AN211,
AN204,
AN200,
AN207,
AN203,
AN1,South Andamans
AN202,
AN206,
AP102,Sri Sathya Sai
AP103,Tirupati
AP104,Y S R
AP105,East Godavari
AP107,Palnadu
AP113,Chittoor
AP114,Chittoor
AP116,Krishna
AP121,Nandyal
AP126,Nandyal
AP127,Bapatla
AP130,Srikakulam
AP131,Anakapalli
AP135,Parvathipuram Manyam
AP137,West Godavari
AP141,East Godavari
AP16,NTR
AP2,Anantapur
AP202,Anantapur
AP203,Annamayya
AP204,Y S R
AP205,Konaseema
AP207,Bapatla
AP21,Kurnool
AP216,Krishna
AP221,Kurnool
AP226,Tirupati
AP227,SPSR Nellore
AP230,Parvathipuram Manyam
AP231,Visakhapatanam
AP235,Parvathipuram Manyam
AP237,Eluru
AP26,SPSR Nellore
AP27,Prakasam
AP3,Chittoor
AP30,Srikakulam
AP302,Sri Sathya Sai
AP303,Chittoor
AP304,Y S R
AP305,Kakinada
AP307,Palnadu
AP31,Visakhapatanam
AP316,NTR
AP321,Nandyal
AP326,SPSR Nellore
AP327,Prakasam
AP330,Srikakulam
AP331,Anakapalli
AP337,East Godavari
AP35,Vizianagaram
AP37,Eluru
AP4,Y S R
AP402,Anantapur
AP403,Annamayya
AP404,Annamayya
AP405,Konaseema
AP407,Palnadu
AP41,Alluri Sitharama Raju
AP416,Eluru
AP421,Nandyal
AP426,Tirupati
AP427,Prakasam
AP430,Srikakulam
AP437,West Godavari
AP5,Kakinada
AP502,Anantapur
AP503,Tirupati
AP504,Annamayya
AP505,Kakinada
AP507,Guntur
AP516,Krishna
AP537,West Godavari
AP602,Sri Sathya Sai
AP603,Tirupati
AP605,Konaseema
AP607,Palnadu
AP616,NTR
AP637,West Godavari
AP7,Guntur
AP702,Anantapur
AP705,Konaseema
AP707,Guntur
AP837,East Godavari
AP905,Chittoor
AR1,Papum Pare
AR10,Dibang Valley
AR11,Lohit
AR12,Changlang
AR13,Tirap
AR14,Upper Siang
AR15,Kurung Kumey
AR16,Lower Dibang Valley
AR17,Anjaw
AR18,Longding
AR19,Kra Daadi
AR2,Papum Pare
AR20,Namsai
AR21,West Siang
AR22,Lower Siang
AR23,Kamle
AR24,Pakke Kessang
AR25,Leparada
AR26,Shi Yomi
AR27,Lower Subansiri
AR28,West Kameng
AR99,
AR3,Tawang
AR4,West Kameng
AR5,East Kameng
AR6,Lower Subansiri
AR7,Upper Subansiri
AR8,West Siang
AR9,East Siang
AS1,Kamrup Metro
AS10,Karimganj
AS11,Cachar
AS12,Sonitpur
AS13,Darrang
AS14,Nalbari
AS15,Barpeta
AS16,Kokrajhar
AS17,Dhubri
AS18,Goalpara
AS19,Bongaigaon
AS2,Nagaon
AS21,Marigaon
AS22,Dhemaji
AS23,Tinsukia
AS24,Hailakandi
AS25,Kamrup
AS26,Chirang
AS27,Udalguri
AS28,Baksa
AS29,Majuli
AS3,Jorhat
AS31,Hojai
AS32,Biswanath
AS33,Charaideo
AS34,South Salmara Mancachar
AS36,BAJALI
AS4,Sivasagar
AS200,
AS202,
AS201,
AS5,Golaghat
AS6,Dibrugarh
AS7,Lakhimpur
AS999,
AS35,
AS8,Dima Hasao
AS9,Karbi Anglong
BR1,Patna
BR10,Bhagalpur
BR11,Purnia
BR19,Saharsa
BR2,Gaya
BR21,Nalanda
BR22,Pashchim Champaran
BR24,Rohtas
BR103,
BR25,Jehanabad
BR26,Aurangabad
BR27,Nawada
BR109,
BR28,Gopalganj
BR102,
BR29,Siwan
BR107,
BR3,Bhojpur
BR30,Sitamarhi
BR31,Vaishali
BR32,Madhubani
BR33,Samastipur
BR34,Khagaria
BR37,Kishanganj
BR38,Araria
BR39,Katihar
BR4,Saran
BR201,
BR43,Madhepura
BR104,
BR44,Buxar
BR106,
BR45,Kaimur Bhabua
BR46,Jamui
BR5,Purbi Champaran
BR101,
BR50,Supaul
BR108,
BR51,Banka
BR52,Sheikhpura
BR105,
BR53,Lakhisarai
BR55,Sheohar
BR56,Arwal
BR6,Muzaffarpur
BR7,Darbhanga
BR999,
BR8,Munger
BR9,Begusarai
CG3,
CG10,Bilaspur
CG11,Janjgir Champa
CG12,Korba
CG13,Raigarh
CG14,Jashpur
CG15,Surguja
CG16,Korea
CG17,Bastar
CG18,Dantewada
CG19,Kanker
CG20,Bijapur
CG21,Narayanpur
CG22,Baloda Bazar
CG23,Gariyaband
CG24,Balod
CG25,Bemetara
CG26,Sukma
CG27,Kondagaon
CG28,Mungeli
CG29,Surajpur
CG30,Balrampur
CG31,Gaurella Pendra Marwahi
CG4,Raipur
CG5,Dhamtari
CG6,Mahasamund
CG7,Durg
CG998,
CG99,
CG8,Rajnandgaon
CG9,Kabirdham
CH1,Chandigarh
DD1,Dadra And Nagar Haveli
DD2,Diu
DD3,Daman
DL1,Central Delhi
DL10,West Delhi
DL11,North Delhi
DL12,New Delhi
DL207,
DL205,
DL206,
DL201,
DL13,Shahdara
DL2,Central Delhi
DL3,South Delhi
DL4,West Delhi
DL5,North East Delhi
DL51,Central Delhi
DL204,
DL52,Central Delhi
DL202,
DL53,Central Delhi
DL6,South East Delhi
DL7,East Delhi
DL8,North West Delhi
DL203,
DL9,South West Delhi
GA107,
GA108,
GA10,South Goa
GA11,North Goa
GA12,South Goa
GA3,North Goa
GA4,North Goa
GA5,North Goa
GA6,South Goa
GA7,North Goa
GA8,South Goa
GA999,
GA9,South Goa
GJ1,Ahmedabad
GJ10,Jamnagar
GJ11,Junagadh
GJ12,Kachchh
GJ13,Surendranagar
GJ14,Amreli
GJ15,Valsad
GJ16,Bharuch
GJ17,Panch Mahals
GJ18,Gandhinagar
GJ19,Surat
GJ2,Mahesana
GJ20,Dohad
GJ21,Navsari
GJ22,Narmada
GJ23,Anand
GJ24,Patan
GJ25,Porbandar
GJ26,Tapi
GJ27,Ahmedabad
GJ3,Rajkot
GJ30,Dang
GJ31,Arvalli
GJ32,Gir Somnath
GJ33,Botad
GJ34,Chhotaudepur
GJ35,Mahisagar
GJ36,Morbi
GJ37,Devbhumi Dwarka
GJ38,Ahmedabad
GJ39,Kachchh
GJ4,Bhavnagar
GJ5,Surat
GJ6,Vadodara
GJ7,Kheda
GJ8,Banas Kantha
GJ9,Sabar Kantha
HP113,
HP105,
HP115,
HP114,
HP111,
HP119,
HP107,
HP104,
HP106,
HP110,
HP109,
HP112,
HP122,
HP116,
HP121,
HP117,
HP103,
HP108,
HP10,Shimla
HP100,Sirmaur
HP101,Una
HP102,Mandi
HP11,Solan
HP12,Solan
HP123,Mandi
HP124,Kullu
HP125,Sirmaur
HP126,Sirmaur
HP127,Solan
HP128,MANDI
HP129,KANGRA
HP13,Solan
HP14,Solan
HP15,Solan
HP16,Sirmaur
HP17,Sirmaur
HP18,Sirmaur
HP19,Una
HP20,Una
HP21,Hamirpur
HP22,Hamirpur
HP23,Bilaspur
HP24,Bilaspur
HP25,Kinnaur
HP26,Kinnaur
HP27,Kinnaur
HP28,Mandi
HP29,Mandi
HP3,Shimla
HP30,Mandi
HP31,Mandi
HP32,Mandi
HP33,Mandi
HP34,Kullu
HP35,Kullu
HP36,Kangra
HP37,Kangra
HP38,Kangra
HP39,Kangra
HP40,Kangra
HP41,Lahul And Spiti
HP42,Lahul And Spiti
HP43,Lahul And Spiti
HP44,Chamba
HP45,Chamba
HP46,Chamba
HP47,Chamba
HP48,Chamba
HP49,Kullu
HP51,Shimla
HP53,Kangra
HP54,Kangra
HP55,Hamirpur
HP56,Kangra
HP57,Chamba
HP58,Kullu
HP6,Shimla
HP62,Shimla
HP63,Shimla
HP64,Solan
HP65,Mandi
HP66,Kullu
HP67,Hamirpur
HP68,Kangra
HP69,Bilaspur
HP71,Sirmaur
HP72,Una
HP73,Chamba
HP74,Hamirpur
HP75,Shimla
HP76,Mandi
HP77,Shimla
HP78,Una
HP79,Sirmaur
HP8,Shimla
HP80,Una
HP81,Chamba
HP82,Mandi
HP83,Kangra
HP84,Hamirpur
HP85,Sirmaur
HP86,Solan
HP87,Mandi
HP88,Kangra
HP89,Bilaspur
HP9,Shimla
HP90,Kangra
HP91,Bilaspur
HP92,Shimla
HP93,Solan
HP94,Kangra
HP95,Shimla
HP96,Kangra
HP97,Kangra
HP98,Solan
HP99,Shimla
HR1,Ambala
HR10,Sonipat
HR11,Sonipat
HR12,Rohtak
HR13,Jhajjar
HR14,Jhajjar
HR15,Rohtak
HR16,Bhiwani
HR17,Bhiwani
HR18,Bhiwani
HR19,Charki Dadri
HR2,Yamunanagar
HR20,Hisar
HR21,Hisar
HR22,Fatehabad
HR220,REWARI
HR23,Fatehabad
HR24,Sirsa
HR25,Sirsa
HR26,Gurugram
HR269,Palwal
HR27,Nuh
HR28,Nuh
HR29,Faridabad
HR3,Panchkula
HR30,Palwal
HR31,Jind
HR32,Jind
HR33,Jind
HR34,Mahendragarh
HR35,Mahendragarh
HR36,Rewari
HR37,Ambala
HR38,Faridabad
HR204,
HR238,
HR271,
HR270,
HR266,
HR206,
HR259,
HR261,
HR251,
HR268,
HR263,
HR247,
HR236,
HR253,
HR213,
HR203,
HR256,
HR260,
HR276,
HR257,
HR246,
HR215,
HR212,
HR218,
HR208,
HR275,
HR210,
HR209,
HR221,
HR216,
HR249,
HR250,
HR223,
HR240,
HR277,
HR219,
HR217,
HR39,Hisar
HR227,
HR205,
HR235,
HR239,
HR258,
HR225,
HR211,
HR232,
HR233,
HR214,
HR230,
HR228,
HR252,
HR224,
HR207,
HR202,
HR234,
HR231,
HR279,
HR241,Fatehabad North
HR229,
HR243,
HR245,
HR280,
HR254,
HR248,
HR264,
HR201,
HR255,
HR278,
HR244,
HR267,
HR262,
HR237,
HR273,
HR265,
HR4,Ambala
HR242,
HR222,
HR272,
HR274,
HR226,
HR40,Karnal
HR41,Kurukshetra
HR42,Sonipat
HR43,Rewari
HR44,Sirsa
HR45,Karnal
HR46,Rohtak
HR47,Rewari
HR48,Bhiwani
HR49,Panchkula
HR5,Karnal
HR50,Palwal
HR51,Faridabad
HR52,Palwal
HR54,Ambala
HR55,Gurugram
HR56,Jind
HR57,Sirsa
HR58,Yamunanagar
HR59,Fatehabad
HR6,Panipat
HR60,Panipat
HR61,Bhiwani
HR62,Fatehabad
HR63,Jhajjar
HR64,Kaithal
HR65,Kurukshetra
HR66,Mahendragarh
HR67,Panipat
HR68,Panchkula
HR69,Sonipat
HR7,Kurukshetra
HR70,Chandigarh
HR71,Yamunanagar
HR72,Gurugram
HR73,Palwal
HR74,Nuh
HR75,Karnal
HR76,Gurugram
HR77,Jhajjar
HR78,Kurukshetra
HR79,Sonipat
HR8,Kaithal
HR80,Hisar
HR81,Rewari
HR82,Mahendragarh
HR83,Kaithal
HR84,Charki Dadri
HR85,Ambala
HR86,Hisar
HR87,Faridabad
HR88,Charki Dadri
HR89,Jhajjar
HR9,Kaithal
HR90,Jind
HR91,Karnal
HR92,Yamunanagar
HR93,Nuh
HR94,Sirsa
HR95,Rohtak
HR96,Nuh
HR97,Kurukshetra
HR98,Gurugram
HR99,Panchkula
JH201,
JH202,
JH1,Ranchi
JH10,Dhanbad
JH11,Giridih
JH12,Koderma
JH13,Chatra
JH14,Garhwa
JH15,Deoghar
JH16,Pakur
JH17,Godda
JH18,Sahebganj
JH19,Latehar
JH2,Hazaribagh
JH20,Simdega
JH21,Jamtara
JH22,Saraikela Kharsawan
JH23,Khunti
JH203,
JH205,
JH206,
JH204,
JH24,Ramgarh
JH3,Palamu
JH4,Dumka
JH5,East Singhbum
JH6,West Singhbhum
JH7,Gumla
JH8,Lohardaga
JH99,
JH9,Bokaro
JK1,Srinagar
JK11,Rajouri
JK12,Poonch
JK13,Pulwama
JK14,Udhampur
JK15,Bandipora
JK16,Ganderbal
JK17,Kishtwar
JK18,Kulgam
JK19,Ramban
JK2,Jammu
JK20,Reasi
JK21,Samba
JK22,Shopian
JK3,Anantnag
JK4,Budgam
JK5,Baramulla
JK6,Doda
JK8,Kathua
JK999,
JK9,Kupwara
KA1,Bengaluru Urban
KA10,Chamarajanagara
KA11,Mandya
KA12,Kodagu
KA13,Hassan
KA14,Shivamogga
KA15,Shivamogga
KA16,Chitradurga
KA17,Davangere
KA18,Chikkamagaluru
KA19,Dakshina Kannada
KA2,Bengaluru Urban
KA20,Udupi
KA21,Dakshina Kannada
KA22,Belagavi
KA23,Belagavi
KA24,Belagavi
KA25,Dharwad
KA26,Gadag
KA27,Haveri
KA28,Vijayapura
KA29,Bagalkote
KA3,Bengaluru Urban
KA30,Uttara Kannada
KA31,Uttara Kannada
KA32,Kalaburagi
KA33,Yadgir
KA34,Ballari
KA35,Vijayanagar
KA36,Raichur
KA37,Koppal
KA38,Bidar
KA39,Bidar
KA4,Bengaluru Urban
KA40,Chikkaballapura
KA41,Bengaluru Urban
KA42,Ramanagara
KA43,Bengaluru Rural
KA44,Tumakuru
KA45,Mysuru
KA46,Hassan
KA47,Uttara Kannada
KA48,Bagalkote
KA49,Belagavi
KA5,Bengaluru Urban
KA50,Bengaluru Urban
KA51,Bengaluru Urban
KA52,Bengaluru Urban
KA53,Bengaluru Urban
KA54,Mandya
KA55,Mysuru
KA56,Bidar
KA57,Bengaluru Urban
KA59,Bengaluru Urban
KA6,Tumakuru
KA63,Dharwad
KA64,Tumakuru
KA65,Uttara Kannada
KA66,Chikkamagaluru
KA67,Chikkaballapura
KA99,
KA68,Haveri
KA69,Belagavi
KA7,Kolar
KA70,Dakshina Kannada
KA71,Belagavi
KA8,Kolar
KA9,Mysuru
KL1,Thiruvananthapuram
KL10,Malappuram
KL11,Kozhikode
KL12,Wayanad
KL13,Kannur
KL14,Kasaragod
KL15,Thiruvananthapuram
KL16,Thiruvananthapuram
KL17,Ernakulam
KL18,Kozhikode
KL19,Thiruvananthapuram
KL2,Kollam
KL20,Thiruvananthapuram
KL21,Thiruvananthapuram
KL22,Thiruvananthapuram
KL23,Kollam
KL24,Kollam
KL25,Kollam
KL26,Pathanamthitta
KL27,Pathanamthitta
KL28,Pathanamthitta
KL29,Alappuzha
KL3,Pathanamthitta
KL30,Alappuzha
KL31,Alappuzha
KL32,Alappuzha
KL33,Kottayam
KL34,Kottayam
KL35,Kottayam
KL36,Kottayam
KL37,Idukki
KL38,Idukki
KL39,Ernakulam
KL4,Alappuzha
KL40,Ernakulam
KL41,Ernakulam
KL42,Ernakulam
KL43,Ernakulam
KL44,Ernakulam
KL45,Thrissur
KL46,Thrissur
KL47,Thrissur
KL48,Thrissur
KL49,Palakkad
KL5,Kottayam
KL50,Palakkad
KL51,Palakkad
KL52,Palakkad
KL53,Malappuram
KL54,Malappuram
KL55,Malappuram
KL56,Kozhikode
KL57,Kozhikode
KL58,Kannur
KL59,Kannur
KL6,Idukki
KL60,Kasaragod
KL61,Kollam
KL62,Pathanamthitta
KL63,Ernakulam
KL64,Thrissur
KL65,Malappuram
KL66,Alappuzha
KL67,Kottayam
KL68,Idukki
KL69,Idukki
KL7,Ernakulam
STA OFFICE - KL99,
KL70,Palakkad
KL71,Malappuram
KL72,Wayanad
KL73,Wayanad
KL74,Thiruvananthapuram
KL75,Thrissur
KL76,Kozhikode
KL77,Kozhikode
KL78,Kannur
KL79,Kasaragod
KL8,Thrissur
KL80,Kollam
KL81,Thiruvananthapuram
KL82,Kollam
KL83,Pathanamthitta
KL84,Malappuram
KL85,Kozhikode
KL86,Kannur
KL9,Palakkad
LA1,Kargil
LA2,Leh Ladakh
LA999,Leh
LD1,Lakshadweep
LD2,Lakshadweep
LD3,Lakshadweep
LD4,Lakshadweep
LD5,Lakshadweep
LD6,Lakshadweep
LD7,Lakshadweep
LD8,Lakshadweep
LD9,Lakshadweep
MH1,Mumbai
MH10,Sangli
MH11,Satara
MH12,Pune
MH13,Solapur
MH14,Pune
MH15,Nashik
MH16,Ahmednagar
MH17,Ahmednagar
MH18,Dhule
MH202,
MH19,Jalgaon
MH2,Mumbai Suburban
MH20,Aurangabad
MH21,Jalna
MH22,Parbhani
MH23,Beed
MH24,Latur
MH25,Osmanabad
MH26,Nanded
MH27,Amravati
MH28,Buldhana
MH29,Yavatmal
MH3,Mumbai
MH30,Akola
MH31,Nagpur
MH32,Wardha
MH33,Gadchiroli
MH34,Chandrapur
MH35,Gondia
MH36,Bhandara
MH37,Washim
MH38,Hingoli
MH39,Nandurbar
MH4,Thane
MH40,Nagpur
MH41,Nashik
MH42,Pune
MH43,Thane
MH44,Beed
MH45,Solapur
MH46,Raigad
MH47,Mumbai Suburban
MH48,Palghar
MH49,Nagpur
MH203,
MH5,Thane
MH50,Satara
MH51,Kolhapur
MH52,Jalgaon
MH53,Satara
MH54,Jalgaon
MH99,
MH55,Latur
MH56,Buldhana
MH57,CHHATRAPATI SAMBHAJI NAGAR
MH58,THANE
MH6,Raigad
MH7,Sindhudurg
MH8,Ratnagiri
MH9,Kolhapur
ML10,Ri Bhoi
ML11,East Jaintia Hills
ML12,South West Khasi Hills
ML13,North Garo Hills
ML14,South West Garo Hills
ML15,Eastern West Khasi Hills
ML4,West Jaintia Hills
ML5,East Khasi Hills
ML6,West Khasi Hills
ML7,East Garo Hills
ML99,
ML8,West Garo Hills
ML9,South Garo Hills
MN1,Imphal West
MN10,Tamenglong
MN11,Tengnoupal
MN12,Kamjong
MN13,KAKCHING
MN14,JIRIBAM
MN15,TAMENGLONG
MN16,
MN2,Churachandpur
MN3,Kangpokpi
MN4,Thoubal
MN5,Bishnupur
MN99,
MN6,Imphal East
MN7,Ukhrul
MN8,Senapati
MN9,Chandel
MP10,Khargone
MP11,Dhar
MP12,East Nimar
MP13,Ujjain
MP14,Mandsaur
MP15,Sagar
MP16,Chhatarpur
MP17,Rewa
MP18,Shahdol
MP19,Satna
MP20,Jabalpur
MP21,Katni
MP22,Seoni
MP28,Chhindwara
MP30,Bhind
MP31,Sheopur
MP32,Datia
MP33,Shivpuri
MP34,Damoh
MP35,Panna
MP36,Tikamgarh
MP37,Sehore
MP38,Raisen
MP39,Rajgarh
MP4,Bhopal
MP40,Vidisha
MP41,Dewas
MP42,Shajapur
MP43,Ratlam
MP44,Neemuch
MP45,Jhabua
MP46,Barwani
MP47,Harda
MP48,Betul
MP49,Narsinghpur
MP5,Narmadapuram
MP50,Balaghat
MP51,Mandla
MP52,Dindori
MP53,Sidhi
MP54,Umaria
MP6,Morena
MP65,Anuppur
MP66,Singrauli
MP67,Ashoknagar
MP68,Burhanpur
MP69,Alirajpur
MP7,Gwalior
MP999,
MP70,Agar Malwa
MP71,Niwari
MP8,Guna
MP9,Indore
MZ1,Aizawl
MZ10,KHAWZAWL
MZ11,HNAHTHIAL
MZ2,Lunglei
MZ3,Saiha
MZ4,Champhai
MZ5,Kolasib
MZ6,Serchhip
MZ7,Lawngtlai
MZ8,Mamit
MZ9,Aizawl
MZ99,
NL1,Kohima
NL2,Mokokchung
NL3,Tuensang
NL4,Mon
NL5,Wokha
NL99,
NL6,Zunheboto
NL7,Dimapur
NL8,Phek
OD1,Baleshwar
OD10,Koraput
OD11,Mayurbhanj
OD111,Mayurbhanj
OD12,Kandhamal
OD13,Puri
OD14,Sundargarh
OD15,Sambalpur
OD16,Sundargarh
OD17,Bargarh
OD18,Rayagada
OD19,Anugul
OD2,Khordha
OD20,Gajapati
OD201,Khordha
OD21,Jagatsinghapur
OD22,Bhadrak
OD23,Jharsuguda
OD24,Nabarangpur
OD25,Nayagarh
OD26,Nuapada
OD27,Boudh
OD28,Deogarh
OD29,Kendrapara
OD3,Balangir
OD30,Malkangiri
OD31,Sonepur
OD32,Ganjam
OD33,Khordha
OD34,Jajapur
OD35,Anugul
OD4,Jajapur
OD5,Cuttack
OD6,Dhenkanal
OD7,Ganjam
OD8,Kalahandi
OD9,Kendujhar
OD901,Kendujhar
OD99,Khordha
PB1,Chandigarh
PB10,Ludhiana
PB11,Patiala
PB12,Rupnagar
PB13,Sangrur
PB14,Amritsar
PB15,Fazilka
PB16,Rupnagar
PB17,Amritsar
PB18,Gurdaspur
PB19,Barnala
PB2,Amritsar
PB20,Shahid Bhagat Singh Nagar
PB21,Hoshiarpur
PB22,Fazilka
PB23,Fatehgarh Sahib
PB24,Hoshiarpur
PB25,Ludhiana
PB26,Ludhiana
PB27,S A S Nagar
PB28,Malerkotla
PB29,Moga
PB3,Bathinda
PB94,
PB30,Sri Muktsar Sahib
PB31,Mansa
PB32,Shahid Bhagat Singh Nagar
PB33,Jalandhar
PB34,Patiala
PB35,Pathankot
PB36,Kapurthala
PB37,Jalandhar
PB38,Tarn Taran
PB39,Patiala
PB4,Faridkot
PB40,Bathinda
PB41,Kapurthala
PB42,Patiala
PB43,Ludhiana
PB44,Sangrur
PB45,Bathinda
PB46,Tarn Taran
PB47,Ferozepur
PB48,Fatehgarh Sahib
PB49,Fatehgarh Sahib
PB5,Ferozepur
PB50,Mansa
PB51,Mansa
PB52,Fatehgarh Sahib
PB53,Sri Muktsar Sahib
PB54,Hoshiarpur
PB55,Ludhiana
PB56,Ludhiana
PB57,Kapurthala
PB58,Gurdaspur
PB59,Sangrur
PB6,Gurdaspur
PB60,Sri Muktsar Sahib
PB61,Fazilka
PB62,Faridkot
PB63,Tarn Taran
PB64,Sangrur
PB65,S A S Nagar
PB66,Moga
PB67,Jalandhar
PB68,Pathankot
PB69,Moga
PB7,Hoshiarpur
PB70,S A S Nagar
PB71,Rupnagar
PB72,Patiala
PB73,Barnala
PB74,Rupnagar
PB75,Sangrur
PB76,Moga
PB77,Ferozepur
PB78,Shahid Bhagat Singh Nagar
PB79,Faridkot
PB8,Jalandhar
PB80,Bathinda
PB81,Amritsar
PB82,Malerkotla
PB83,Patiala
PB84,Sangrur
PB85,Gurdaspur
PB86,Sangrur
PB87,Rupnagar
PB88,Tarn Taran
PB89,Amritsar
PB9,Kapurthala
PB90,Jalandhar
PB95,
PB91,Ludhiana
PB92,Malerkotla
PB93,Amritsar
PY99,
PB99,Gurdaspur
PY1,Pondicherry
PY11,Pondicherry
PY2,Karaikal
PY3,Mahe
PY4,Yanam
PY5,Pondicherry
RJ260,
RJ225,
PY51,Pondicherry
RJ267,
RJ243,
RJ254,
RJ1,Ajmer
RJ218,
RJ257,
RJ261,
RJ280,
RJ210,
RJ209,
RJ10,Churu
RJ11,Dholpur
RJ276,
RJ12,Dungargarh
RJ13,Ganganagar
RJ14,Jaipur Urban
RJ141,Jaipur Urban
RJ250,
RJ15,Jaisalmer
RJ16,Jalore
RJ17,Jhalawar
RJ18,Jhunjhunu
RJ19,Jodhpur
RJ2,Alwar
RJ20,Kota
RJ21,Nagaur
RJ22,Pali
RJ63,
RJ23,Sikar
RJ24,Sirohi
RJ25,Sawai Madhopur
RJ281,
RJ26,Tonk
RJ228,
RJ224,
RJ226,
RJ223,
RJ27,Udaipur
RJ251,
RJ269,
RJ231,
RJ28,Baran
RJ236,
RJ29,Dausa
RJ3,Banswara
RJ234,
RJ30,Rajsamand
RJ31,Hanumangarh
RJ282,
RJ32,Kotputali Behror
RJ33,Kota
RJ242,
RJ34,Karauli
RJ35,Pratapgarh
RJ36,Beawar
RJ37,Didwana Kuchaman
RJ38,Sirohi
RJ39,Balotra
RJ263,
RJ4,Barmer
RJ266,
RJ233,
RJ274,
RJ273,
RJ229,
RJ232,
RJ271,
RJ249,
RJ220,
RJ222,
RJ230,
RJ247,
RJ215,
RJ239,
RJ201,
RJ203,
RJ204,
RJ202,
RJ255,
RJ40,Khairthal
RJ248,
RJ245,
RJ216,
RJ41,Jaipur Rural
RJ42,Ajmer
RJ253,
RJ43,Phalodi
RJ240,
RJ277,
RJ44,Churu
RJ46,Jalore
RJ47,Dudu
RJ48,kekri
RJ265,
RJ272,
RJ283,
RJ49,Hanumangarh
RJ5,Bharatpur
RJ221,
RJ268,
RJ50,Bikaner
RJ51,Shahpura
RJ52,Jaipur Rural
RJ53,Neem Ka Thana
RJ54,Jodhpur Rural
RJ256,
RJ275,
RJ213,
RJ208,
RJ227,
RJ279,
RJ241,
RJ211,
RJ219,
RJ246,
RJ206,
RJ205,
RJ259,
RJ217,
RJ214,
RJ278,
RJ252,
RJ55,Jaisalmer
RJ212,
RJ56,Ganganagar
RJ270,
RJ57,Pali
RJ58,Salumber
RJ59,Jaipur Urban
RJ207,
RJ238,
RJ237,
RJ235,
RJ6,Bhilwara
RJ244,
RJ262,
RJ7,Bikaner
RJ264,
RJ258,
RJ8,Bundi
RJ9,Chittorgarh
SK1,Gangtok
SK2,Gyalshing
SK99,
SK3,Mangan
SK4,Namchi
SK5,Namchi
SK6,Soreng
SK7,Pakyong
SK8,Gangtok
TG1,ADILABAD
TG10,HYDERABAD
TG102,KARIMNAGAR
TG107,RANGA REDDY
TG108,MEDCHAL-MALKAJGIRI
TG11,HYDERABAD
TG116,NIZAMABAD
TG12,HYDERABAD
TG121,JAGTIAL
TG122,PEDDAPALLI
TG128,BHADRADRI KOTHAGUDEM
TG129,SURYAPET
TG13,HYDERABAD
TG131,NAGARKURNOOL
TG132,WANAPARTHY
TG134,VIKARABAD
TG15,SANGAREDDY
TG16,NIZAMABAD
TG17,KAMAREDDY
TG18,NIRMAL
TG19,MANCHERIAL
TG2,KARIMNAGAR
TG20,KUMURAM BHEEM
TG207,RANGA REDDY
TG208,MEDCHAL-MALKAJGIRI
TG21,JAGTIAL
TG215,SANGAREDDY
TG216,NIZAMABAD
TG22,PEDDAPALLI
TG23,RAJANNA SIRCILLA
TG24,WARANGAL
TG25,JAYASHANKAR BHUPALPALLI
TG26,MAHABUBABAD
TG27,JANGAON
TG28,BHADRADRI KOTHAGUDEM
TG29,SURYAPET
TG3,HANUMAKONDA
TG30,YADADRI BHUVANAGIRI
TG304,KHAMMAM
TG305,NALGONDA
TG31,NAGARKURNOOL
TG32,WANAPARTHY
TG33,JOGULAMBA GADWAL
TG34,VIKARABAD
TG35,MEDAK
TG36,SIDDIPET
TG37,MULUGU
TG38,NARAYANPET
TG4,KHAMMAM
TG404,KHAMMAM
TG415,SANGAREDDY
TG5,NALGONDA
TG6,MAHBUBNAGAR
TG7,RANGA REDDY
TG8,MEDCHAL-MALKAJGIRI
TG9,HYDERABAD
TN1,Chennai
TN10,Chennai
TN18,Thiruvallur
TN19,Chengalpattu
TN2,Chennai
TN20,Thiruvallur
TN21,Kanchipuram
TN22,Chengalpattu
TN23,Vellore
TN24,Krishnagiri
TN25,Tiruvannamalai
TN28,Namakkal
TN29,Dharmapuri
TN3,Chennai
TN30,Salem
TN31,Cuddalore
TN32,Villupuram
TN33,Erode
TN34,Namakkal
TN36,Erode
TN37,Coimbatore
TN38,Coimbatore
TN39,Tiruppur
TN4,Chennai
TN40,Coimbatore
TN41,Coimbatore
TN42,Tiruppur
TN43,The Nilgiris
TN45,Tiruchirappalli
TN46,Perambalur
TN47,Karur
TN48,Tiruchirappalli
TN49,Thanjavur
TN5,Chennai
TN50,Thiruvarur
TN508,Chengalpattu
TN51,Nagapattinam
TN511,Thiruvallur
TN512,Chengalpattu
TN513,Chengalpattu
TN514,Vellore
TN515,Tirupathur
TN516,Tiruvannamalai
TN517,Namakkal
TN52,Salem
TN526,Namakkal
TN527,Dharmapuri
TN535,Salem
TN54,Salem
TN544,Cuddalore
TN55,Pudukkottai
TN553,Cuddalore
TN56,Erode
TN562,Cuddalore
TN57,Dindigul
TN571,Villupuram
TN577,Kallakurichi
TN578,Erode
TN579,Erode
TN58,Madurai
TN580,Tiruppur
TN581,Tiruppur
TN582,The Nilgiris
TN583,Tiruchirappalli
TN584,Tiruchirappalli
TN585,Karur
TN586,Tiruchirappalli
TN587,Thanjavur
TN588,Thiruvarur
TN589,Mayiladuthurai
TN59,Madurai
TN590,Salem
TN591,Salem
TN592,Pudukkottai
TN593,Tiruppur
TN594,Tiruppur
TN595,Dindigul
TN596,Dindigul
TN597,Dindigul
TN598,Madurai
TN599,Madurai
TN6,Chennai
TN60,Theni
TN600,Madurai
TN601,Theni
TN602,Sivaganga
TN603,Ramanathapuram
TN604,Virudhunagar
TN605,Virudhunagar
TN606,Tuticorin
TN607,Tuticorin
TN608,Tirunelveli
TN609,Ranipet
TN61,Ariyalur
TN610,Tenkasi
TN611,Tirunelveli
TR99,
TN612,Thiruvallur
TN613,Salem
TN614,Kanchipuram
TN615,Kallakurichi
TN616,Dharmapuri
TN617,Dindigul
TN620,Coimbatore
TN621,Tiruchirappalli
TN622,Virudhunagar
TN623,Mayiladuthurai
TN624,Tirupathur
TN625,Thiruvallur
TN626,Cuddalore
TN627,Villupuram
TN628,Tirupathur
TN629,Pudukkottai
TN63,Sivaganga
UK111,
TN630,Thiruvarur
TN631,TIRUCHIRAPPALLI
TN632,Karur
TN633,Coimbatore
TN634,Thiruvallur
TN635,Tiruvannamalai
TN636,Madurai
TN637,Karur
TN638,Namakkal
TN639,Chengalpattu
TN64,Madurai
TN640,Dindigul
TN641,Pudukkottai
TN643,Virudhunagar
TN644,Tenkasi
TN65,Ramanathapuram
TN66,Coimbatore
TN67,Virudhunagar
TN68,Thanjavur
TN69,Tuticorin
TN7,Chennai
TN70,Krishnagiri
TN72,Tirunelveli
TN73,Ranipet
TN74,Kanniyakumari
TN75,Kanniyakumari
TN76,Tenkasi
TN81,Tiruchirappalli
TN85,Kanchipuram
TN86,Erode
TN88,Namakkal
TN9,Chennai
TN90,Salem
TN99,Coimbatore
TN999,Chennai
TR1,West Tripura
TR2,Unakoti
TR3,Gomati
TR4,Dhalai
TR5,North Tripura
TR6,Khowai
TR7,Sepahijala
TR8,South Tripura
UK1,Almora
UK10,Uttar Kashi
UK11,Chamoli
UK12,Pauri Garhwal
UK13,Rudra Prayag
UK14,Dehradun
UK15,Pauri Garhwal
UK16,Dehradun
UK17,Haridwar
UK18,Udam Singh Nagar
UK19,Nainital
UK2,Bageshwar
UK20,Almora
UK3,Champawat
UK4,Nainital
UK5,Pithoragarh
UK6,Udam Singh Nagar
UP214,
UK7,Dehradun
UK8,Haridwar
UK9,Tehri Garhwal
UP11,Saharanpur
UP12,Muzaffarnagar
UP13,Bulandshahr
UP14,Ghaziabad
UP15,Meerut
UP16,Gautam Buddha Nagar
UP17,Baghpat
UP19,Shamli
UP20,Bijnor
UP21,Moradabad
UP22,Rampur
UP23,Amroha
UP24,Budaun
UP25,Bareilly
UP999,
UP26,Pilibhit
UP27,Shahjahanpur
UP30,Hardoi
UP31,Kheri
UP32,Lucknow
UP321,Lucknow
UP33,Rae Bareli
UP34,Sitapur
UP35,Unnao
UP36,Amethi
UP37,Hapur
UP38,Sambhal
UP40,Bahraich
UP41,Barabanki
UP42,Ayodhya
UP43,Gonda
UP44,Sultanpur
UP45,Ambedkar Nagar
UP46,Shravasti
UP47,Balrampur
UP50,Azamgarh
UP51,Basti
UP52,Deoria
UP53,Gorakhpur
UP54,Mau
UP55,Siddharth Nagar
UP56,Maharajganj
UP57,Kushi Nagar
UP58,Sant Kabeer Nagar
UP60,Ballia
UP61,Ghazipur
UP62,Jaunpur
UP63,Mirzapur
UP64,Sonbhadra
UP65,Varanasi
UP66,Bhadohi
UP67,Chandauli
UP70,Prayagraj
UP71,Fatehpur
UP72,Pratapgarh
UP73,Kaushambi
UP74,Kannauj
UP75,Etawah
UP76,Farrukhabad
UP77,Kanpur Dehat
UP78,Kanpur Nagar
UP79,Auraiya
UP80,Agra
UP81,Aligarh
UP82,Etah
UP83,Firozabad
UP84,Mainpuri
UP85,Mathura
UP86,Hathras
UP87,Kasganj
UP90,Banda
WB997,
WB998,
WB999,
UP91,Hamirpur
UP92,Jalaun
UP93,Jhansi
UP94,Lalitpur
TG112,
UP95,Mahoba
UP96,Chitrakoot
WB1,Kolkata
WB11,Howrah
WB13,Howrah
WB15,Hooghly
WB17,Hooghly
WB18,Hooghly
WB19,Kolkata
WB21,24 Paraganas North
WB23,24 Paraganas North
WB25,24 Paraganas North
WB27,24 Paraganas North
WB29,Medinipur East
WB31,Medinipur East
WB32,Medinipur East
WB33,Medinipur West
WB35,Medinipur West
WB37,Paschim Bardhaman
WB39,Paschim Bardhaman
WB41,Purba Bardhaman
WB43,Purba Bardhaman
WB45,Birbhum
WB47,Birbhum
WB49,Jhargram
WB5,Kolkata
WB50,Medinipur West
WB51,Nadia
WB52,Nadia
WB53,Birbhum
WB55,Purulia
WB57,Murshidabad
WB59,Dinajpur Uttar
WB61,Dinajpur Dakshin
WB63,Coochbehar
WB65,Maldah
WB67,Bankura
WB69,Alipurduar
WB7,24 Paraganas North
WB71,Jalpaiguri
WB73,Darjeeling
WB75,Purba Bardhaman
WB76,Darjeeling
WB78,Kalimpong
WB80,Purulia
WB81,Purulia
WB83,Maldah
WB85,Coochbehar
WB87,Bankura
WB89,Nadia
WB9,24 Paraganas South
WB91,Dinajpur Uttar
WB93,Murshidabad
WB95,24 Paraganas South
WB97,24 Paraganas South
WB99,Murshidabad
